code,address
4200000000,강원도
4211000000,강원도 춘천시
4211010100,강원도 춘천시 봉의동
4211010200,강원도 춘천시 요선동
4211010300,강원도 춘천시 낙원동
4211010400,강원도 춘천시 중앙로1가
4211010500,강원도 춘천시 중앙로2가
4211010600,강원도 춘천시 중앙로3가
4211010700,강원도 춘천시 옥천동
4211010800,강원도 춘천시 조양동
4211010900,강원도 춘천시 죽림동
4211011000,강원도 춘천시 운교동
4211011100,강원도 춘천시 약사동
4211011200,강원도 춘천시 효자동
4211011300,강원도 춘천시 소양로1가
4211011400,강원도 춘천시 소양로2가
4211011500,강원도 춘천시 소양로3가
4211011600,강원도 춘천시 소양로4가
4211011700,강원도 춘천시 근화동
4211011800,강원도 춘천시 우두동
4211011900,강원도 춘천시 사농동
4211012000,강원도 춘천시 후평동
4211012100,강원도 춘천시 온의동
4211012200,강원도 춘천시 교동
4211012300,강원도 춘천시 퇴계동
4211012400,강원도 춘천시 석사동
4211012500,강원도 춘천시 삼천동
4211012600,강원도 춘천시 칠전동
4211012700,강원도 춘천시 송암동
4211012800,강원도 춘천시 신동
4211012900,강원도 춘천시 중도동
4211025000,강원도 춘천시 신북읍
4211025021,강원도 춘천시 신북읍 율문리
4211025022,강원도 춘천시 신북읍 천전리
4211025023,강원도 춘천시 신북읍 유포리
4211025024,강원도 춘천시 신북읍 산천리
4211025025,강원도 춘천시 신북읍 발산리
4211025026,강원도 춘천시 신북읍 지내리
4211025027,강원도 춘천시 신북읍 용산리
4211031000,강원도 춘천시 동면
4211031021,강원도 춘천시 동면 지내리
4211031022,강원도 춘천시 동면 만천리
4211031023,강원도 춘천시 동면 장학리
4211031024,강원도 춘천시 동면 감정리
4211031025,강원도 춘천시 동면 월곡리
4211031026,강원도 춘천시 동면 품안리
4211031027,강원도 춘천시 동면 품걸리
4211031028,강원도 춘천시 동면 신이리
4211031029,강원도 춘천시 동면 평촌리
4211031030,강원도 춘천시 동면 상걸리
4211032000,강원도 춘천시 동산면
4211032021,강원도 춘천시 동산면 조양리
4211032022,강원도 춘천시 동산면 봉명리
4211032023,강원도 춘천시 동산면 원창리
4211032024,강원도 춘천시 동산면 군자리
4211033000,강원도 춘천시 신동면
4211033021,강원도 춘천시 신동면 의암리
4211033022,강원도 춘천시 신동면 팔미리
4211033023,강원도 춘천시 신동면 혈동리
4211033024,강원도 춘천시 신동면 증리
4211033025,강원도 춘천시 신동면 정족리
4211034000,강원도 춘천시 남면
4211034021,강원도 춘천시 남면 관천리
4211034022,강원도 춘천시 남면 박암리
4211034023,강원도 춘천시 남면 가정리
4211034024,강원도 춘천시 남면 발산리
4211034025,강원도 춘천시 남면 후동리
4211034026,강원도 춘천시 남면 추곡리
4211034027,강원도 춘천시 남면 한덕리
4211035000,강원도 춘천시 서면
4211035021,강원도 춘천시 서면 현암리
4211035022,강원도 춘천시 서면 금산리
4211035023,강원도 춘천시 서면 신매리
4211035024,강원도 춘천시 서면 서상리
4211035025,강원도 춘천시 서면 오월리
4211035026,강원도 춘천시 서면 월송리
4211035027,강원도 춘천시 서면 방동리
4211035028,강원도 춘천시 서면 덕두원리
4211035029,강원도 춘천시 서면 당림리
4211035030,강원도 춘천시 서면 안보리
4211036000,강원도 춘천시 사북면
4211036021,강원도 춘천시 사북면 신포리
4211036022,강원도 춘천시 사북면 지촌리
4211036023,강원도 춘천시 사북면 오탄리
4211036024,강원도 춘천시 사북면 가일리
4211036025,강원도 춘천시 사북면 원평리
4211036026,강원도 춘천시 사북면 지암리
4211036027,강원도 춘천시 사북면 고탄리
4211036028,강원도 춘천시 사북면 고성리
4211036029,강원도 춘천시 사북면 송암리
4211036030,강원도 춘천시 사북면 인람리
4211038000,강원도 춘천시 북산면
4211038021,강원도 춘천시 북산면 내평리
4211038022,강원도 춘천시 북산면 청평리
4211038023,강원도 춘천시 북산면 부귀리
4211038024,강원도 춘천시 북산면 추곡리
4211038025,강원도 춘천시 북산면 오항리
4211038026,강원도 춘천시 북산면 물로리
4211038027,강원도 춘천시 북산면 조교리
4211038028,강원도 춘천시 북산면 대동리
4211038029,강원도 춘천시 북산면 대곡리
4211038030,강원도 춘천시 북산면 추전리
4211039000,강원도 춘천시 동내면
4211039021,강원도 춘천시 동내면 거두리
4211039022,강원도 춘천시 동내면 신촌리
4211039023,강원도 춘천시 동내면 고은리
4211039024,강원도 춘천시 동내면 사암리
4211039025,강원도 춘천시 동내면 학곡리
4211040000,강원도 춘천시 남산면
4211040022,강원도 춘천시 남산면 광판리
4211040023,강원도 춘천시 남산면 행촌리
4211040024,강원도 춘천시 남산면 수동리
4211040025,강원도 춘천시 남산면 창촌리
4211040026,강원도 춘천시 남산면 방곡리
4211040027,강원도 춘천시 남산면 강촌리
4211040028,강원도 춘천시 남산면 서천리
4211040029,강원도 춘천시 남산면 백양리
4211040030,강원도 춘천시 남산면 방하리
4211040031,강원도 춘천시 남산면 산수리
4213000000,강원도 원주시
4213010100,강원도 원주시 중앙동
4213010200,강원도 원주시 평원동
4213010300,강원도 원주시 원동
4213010400,강원도 원주시 인동
4213010500,강원도 원주시 개운동
4213010600,강원도 원주시 명륜동
4213010700,강원도 원주시 단구동
4213010800,강원도 원주시 일산동
4213010900,강원도 원주시 학성동
4213011000,강원도 원주시 단계동
4213011100,강원도 원주시 우산동
4213011200,강원도 원주시 태장동
4213011300,강원도 원주시 봉산동
4213011400,강원도 원주시 행구동
4213011500,강원도 원주시 무실동
4213011600,강원도 원주시 관설동
4213011700,강원도 원주시 반곡동
4213011800,강원도 원주시 가현동
4213025000,강원도 원주시 문막읍
4213025021,강원도 원주시 문막읍 문막리
4213025022,강원도 원주시 문막읍 동화리
4213025023,강원도 원주시 문막읍 비두리
4213025024,강원도 원주시 문막읍 취병리
4213025025,강원도 원주시 문막읍 궁촌리
4213025026,강원도 원주시 문막읍 건등리
4213025027,강원도 원주시 문막읍 후용리
4213025028,강원도 원주시 문막읍 포진리
4213025029,강원도 원주시 문막읍 반계리
4213025030,강원도 원주시 문막읍 대둔리
4213031000,강원도 원주시 소초면
4213031021,강원도 원주시 소초면 평장리
4213031022,강원도 원주시 소초면 의관리
4213031023,강원도 원주시 소초면 장양리
4213031024,강원도 원주시 소초면 흥양리
4213031025,강원도 원주시 소초면 수암리
4213031026,강원도 원주시 소초면 교항리
4213031027,강원도 원주시 소초면 둔둔리
4213031028,강원도 원주시 소초면 학곡리
4213032000,강원도 원주시 호저면
4213032021,강원도 원주시 호저면 주산리
4213032022,강원도 원주시 호저면 고산리
4213032023,강원도 원주시 호저면 대덕리
4213032024,강원도 원주시 호저면 광격리
4213032025,강원도 원주시 호저면 만종리
4213032026,강원도 원주시 호저면 옥산리
4213032027,강원도 원주시 호저면 무장리
4213032028,강원도 원주시 호저면 용곡리
4213032029,강원도 원주시 호저면 산현리
4213032030,강원도 원주시 호저면 매호리
4213033000,강원도 원주시 지정면
4213033021,강원도 원주시 지정면 간현리
4213033022,강원도 원주시 지정면 안창리
4213033023,강원도 원주시 지정면 가곡리
4213033024,강원도 원주시 지정면 판대리
4213033025,강원도 원주시 지정면 신평리
4213033026,강원도 원주시 지정면 월송리
4213033027,강원도 원주시 지정면 보통리
4213035000,강원도 원주시 부론면
4213035021,강원도 원주시 부론면 법천리
4213035022,강원도 원주시 부론면 손곡리
4213035023,강원도 원주시 부론면 정산리
4213035024,강원도 원주시 부론면 흥호리
4213035025,강원도 원주시 부론면 노림리
4213035026,강원도 원주시 부론면 단강리
4213036000,강원도 원주시 귀래면
4213036021,강원도 원주시 귀래면 운남리
4213036022,강원도 원주시 귀래면 귀래리
4213036023,강원도 원주시 귀래면 운계리
4213036024,강원도 원주시 귀래면 주포리
4213036025,강원도 원주시 귀래면 용암리
4213037000,강원도 원주시 흥업면
4213037021,강원도 원주시 흥업면 흥업리
4213037022,강원도 원주시 흥업면 매지리
4213037023,강원도 원주시 흥업면 사제리
4213037024,강원도 원주시 흥업면 대안리
4213038000,강원도 원주시 판부면
4213038021,강원도 원주시 판부면 금대리
4213038022,강원도 원주시 판부면 서곡리
4213038023,강원도 원주시 판부면 신촌리
4213039000,강원도 원주시 신림면
4213039021,강원도 원주시 신림면 신림리
4213039022,강원도 원주시 신림면 금창리
4213039023,강원도 원주시 신림면 구학리
4213039024,강원도 원주시 신림면 용암리
4213039025,강원도 원주시 신림면 성남리
4213039026,강원도 원주시 신림면 황둔리
4213039027,강원도 원주시 신림면 송계리
4215000000,강원도 강릉시
4215010100,강원도 강릉시 홍제동
4215010200,강원도 강릉시 남문동
4215010300,강원도 강릉시 명주동
4215010400,강원도 강릉시 성내동
4215010500,강원도 강릉시 임당동
4215010600,강원도 강릉시 금학동
4215010700,강원도 강릉시 용강동
4215010800,강원도 강릉시 성남동
4215010900,강원도 강릉시 옥천동
4215011000,강원도 강릉시 교동
4215011100,강원도 강릉시 포남동
4215011200,강원도 강릉시 초당동
4215011300,강원도 강릉시 강문동
4215011400,강원도 강릉시 송정동
4215011500,강원도 강릉시 견소동
4215011600,강원도 강릉시 내곡동
4215011700,강원도 강릉시 회산동
4215011800,강원도 강릉시 장현동
4215011900,강원도 강릉시 박월동
4215012000,강원도 강릉시 담산동
4215012100,강원도 강릉시 노암동
4215012200,강원도 강릉시 유산동
4215012300,강원도 강릉시 월호평동
4215012400,강원도 강릉시 신석동
4215012500,강원도 강릉시 입암동
4215012600,강원도 강릉시 청량동
4215012700,강원도 강릉시 두산동
4215012800,강원도 강릉시 학동
4215012900,강원도 강릉시 병산동
4215013000,강원도 강릉시 남항진동
4215013100,강원도 강릉시 유천동
4215013200,강원도 강릉시 지변동
4215013300,강원도 강릉시 죽헌동
4215013400,강원도 강릉시 대전동
4215013500,강원도 강릉시 운정동
4215013600,강원도 강릉시 난곡동
4215013700,강원도 강릉시 저동
4215013800,강원도 강릉시 안현동
4215013900,강원도 강릉시 운산동
4215025000,강원도 강릉시 주문진읍
4215025021,강원도 강릉시 주문진읍 주문리
4215025022,강원도 강릉시 주문진읍 교항리
4215025023,강원도 강릉시 주문진읍 장덕리
4215025024,강원도 강릉시 주문진읍 삼교리
4215025025,강원도 강릉시 주문진읍 향호리
4215031000,강원도 강릉시 성산면
4215031021,강원도 강릉시 성산면 구산리
4215031022,강원도 강릉시 성산면 관음리
4215031023,강원도 강릉시 성산면 금산리
4215031024,강원도 강릉시 성산면 위촌리
4215031025,강원도 강릉시 성산면 송암리
4215031026,강원도 강릉시 성산면 보광리
4215031027,강원도 강릉시 성산면 어흘리
4215031028,강원도 강릉시 성산면 오봉리
4215031029,강원도 강릉시 성산면 산북리
4215032000,강원도 강릉시 왕산면
4215032021,강원도 강릉시 왕산면 도마리
4215032022,강원도 강릉시 왕산면 목계리
4215032023,강원도 강릉시 왕산면 왕산리
4215032024,강원도 강릉시 왕산면 고단리
4215032025,강원도 강릉시 왕산면 송현리
4215032026,강원도 강릉시 왕산면 대기리
4215033000,강원도 강릉시 구정면
4215033021,강원도 강릉시 구정면 여찬리
4215033022,강원도 강릉시 구정면 학산리
4215033023,강원도 강릉시 구정면 구정리
4215033024,강원도 강릉시 구정면 금광리
4215033025,강원도 강릉시 구정면 어단리
4215033026,강원도 강릉시 구정면 덕현리
4215033027,강원도 강릉시 구정면 제비리
4215034000,강원도 강릉시 강동면
4215034021,강원도 강릉시 강동면 상시동리
4215034022,강원도 강릉시 강동면 모전리
4215034023,강원도 강릉시 강동면 안인리
4215034024,강원도 강릉시 강동면 안인진리
4215034025,강원도 강릉시 강동면 임곡리
4215034026,강원도 강릉시 강동면 하시동리
4215034028,강원도 강릉시 강동면 정동진리
4215034029,강원도 강릉시 강동면 심곡리
4215034030,강원도 강릉시 강동면 산성우리
4215034031,강원도 강릉시 강동면 언별리
4215035000,강원도 강릉시 옥계면
4215035021,강원도 강릉시 옥계면 현내리
4215035022,강원도 강릉시 옥계면 천남리
4215035023,강원도 강릉시 옥계면 주수리
4215035024,강원도 강릉시 옥계면 도직리
4215035025,강원도 강릉시 옥계면 조산리
4215035026,강원도 강릉시 옥계면 남양리
4215035027,강원도 강릉시 옥계면 북동리
4215035028,강원도 강릉시 옥계면 낙풍리
4215035029,강원도 강릉시 옥계면 금진리
4215035030,강원도 강릉시 옥계면 산계리
4215036000,강원도 강릉시 사천면
4215036021,강원도 강릉시 사천면 미노리
4215036022,강원도 강릉시 사천면 노동리
4215036023,강원도 강릉시 사천면 석교리
4215036024,강원도 강릉시 사천면 판교리
4215036025,강원도 강릉시 사천면 사천진리
4215036026,강원도 강릉시 사천면 덕실리
4215036027,강원도 강릉시 사천면 방동리
4215036028,강원도 강릉시 사천면 산대월리
4215036029,강원도 강릉시 사천면 사기막리
4215037000,강원도 강릉시 연곡면
4215037021,강원도 강릉시 연곡면 방내리
4215037022,강원도 강릉시 연곡면 영진리
4215037023,강원도 강릉시 연곡면 동덕리
4215037024,강원도 강릉시 연곡면 송림리
4215037025,강원도 강릉시 연곡면 행정리
4215037026,강원도 강릉시 연곡면 신왕리
4215037027,강원도 강릉시 연곡면 유등리
4215037028,강원도 강릉시 연곡면 삼산리
4215037029,강원도 강릉시 연곡면 퇴곡리
4217000000,강원도 동해시
4217010100,강원도 동해시 천곡동
4217010200,강원도 동해시 평릉동
4217010300,강원도 동해시 송정동
4217010400,강원도 동해시 용정동
4217010500,강원도 동해시 지흥동
4217010600,강원도 동해시 효가동
4217010700,강원도 동해시 동회동
4217010800,강원도 동해시 나안동
4217010900,강원도 동해시 쇄운동
4217011000,강원도 동해시 부곡동
4217011100,강원도 동해시 발한동
4217011200,강원도 동해시 북평동
4217011300,강원도 동해시 구미동
4217011400,강원도 동해시 추암동
4217011500,강원도 동해시 구호동
4217011600,강원도 동해시 단봉동
4217011700,강원도 동해시 지가동
4217011800,강원도 동해시 이도동
4217011900,강원도 동해시 귀운동
4217012000,강원도 동해시 대구동
4217012100,강원도 동해시 호현동
4217012200,강원도 동해시 내동
4217012300,강원도 동해시 묵호진동
4217012400,강원도 동해시 삼화동
4217012500,강원도 동해시 이기동
4217012600,강원도 동해시 이로동
4217012700,강원도 동해시 어달동
4217012800,강원도 동해시 대진동
4217012900,강원도 동해시 망상동
4217013000,강원도 동해시 심곡동
4217013100,강원도 동해시 초구동
4217013200,강원도 동해시 괴란동
4217013300,강원도 동해시 만우동
4217013400,강원도 동해시 신흥동
4217013500,강원도 동해시 비천동
4217013600,강원도 동해시 달방동
4219000000,강원도 태백시
4219010100,강원도 태백시 황지동
4219010200,강원도 태백시 장성동
4219010300,강원도 태백시 금천동
4219010400,강원도 태백시 철암동
4219010500,강원도 태백시 문곡동
4219010600,강원도 태백시 동점동
4219010700,강원도 태백시 소도동
4219010800,강원도 태백시 혈동
4219010900,강원도 태백시 화전동
4219011000,강원도 태백시 적각동
4219011100,강원도 태백시 창죽동
4219011200,강원도 태백시 통동
4219011300,강원도 태백시 백산동
4219011400,강원도 태백시 원동
4219011500,강원도 태백시 상사미동
4219011600,강원도 태백시 하사미동
4219011700,강원도 태백시 조탄동
4221000000,강원도 속초시
4221010100,강원도 속초시 영랑동
4221010200,강원도 속초시 동명동
4221010300,강원도 속초시 중앙동
4221010400,강원도 속초시 금호동
4221010500,강원도 속초시 청학동
4221010600,강원도 속초시 교동
4221010700,강원도 속초시 노학동
4221010800,강원도 속초시 조양동
4221010900,강원도 속초시 청호동
4221011000,강원도 속초시 대포동
4221011100,강원도 속초시 도문동
4221011200,강원도 속초시 설악동
4221011300,강원도 속초시 장사동
4223000000,강원도 삼척시
4223010100,강원도 삼척시 성내동
4223010200,강원도 삼척시 성북동
4223010300,강원도 삼척시 읍상동
4223010400,강원도 삼척시 읍중동
4223010500,강원도 삼척시 당저동
4223010600,강원도 삼척시 교동
4223010700,강원도 삼척시 갈천동
4223010800,강원도 삼척시 증산동
4223010900,강원도 삼척시 우지동
4223011000,강원도 삼척시 마달동
4223011100,강원도 삼척시 자원동
4223011200,강원도 삼척시 평전동
4223011300,강원도 삼척시 등봉동
4223011400,강원도 삼척시 도경동
4223011500,강원도 삼척시 마평동
4223011600,강원도 삼척시 오사동
4223011700,강원도 삼척시 건지동
4223011800,강원도 삼척시 원당동
4223011900,강원도 삼척시 성남동
4223012000,강원도 삼척시 남양동
4223012100,강원도 삼척시 사직동
4223012200,강원도 삼척시 오분동
4223012300,강원도 삼척시 적노동
4223012400,강원도 삼척시 조비동
4223012500,강원도 삼척시 정상동
4223012600,강원도 삼척시 정하동
4223012700,강원도 삼척시 근산동
4223025000,강원도 삼척시 도계읍
4223025021,강원도 삼척시 도계읍 발이리
4223025022,강원도 삼척시 도계읍 차구리
4223025023,강원도 삼척시 도계읍 고사리
4223025024,강원도 삼척시 도계읍 산기리
4223025025,강원도 삼척시 도계읍 무건리
4223025026,강원도 삼척시 도계읍 한내리
4223025027,강원도 삼척시 도계읍 늑구리
4223025028,강원도 삼척시 도계읍 점리
4223025029,강원도 삼척시 도계읍 마교리
4223025030,강원도 삼척시 도계읍 도계리
4223025031,강원도 삼척시 도계읍 상덕리
4223025032,강원도 삼척시 도계읍 황조리
4223025033,강원도 삼척시 도계읍 전두리
4223025034,강원도 삼척시 도계읍 흥전리
4223025035,강원도 삼척시 도계읍 심포리
4223025036,강원도 삼척시 도계읍 구사리
4223025037,강원도 삼척시 도계읍 신리
4223025300,강원도 삼척시 원덕읍
4223025321,강원도 삼척시 원덕읍 갈남리
4223025322,강원도 삼척시 원덕읍 임원리
4223025323,강원도 삼척시 원덕읍 노곡리
4223025324,강원도 삼척시 원덕읍 이천리
4223025325,강원도 삼척시 원덕읍 옥원리
4223025326,강원도 삼척시 원덕읍 호산리
4223025327,강원도 삼척시 원덕읍 월천리
4223025328,강원도 삼척시 원덕읍 노경리
4223025330,강원도 삼척시 원덕읍 사곡리
4223025331,강원도 삼척시 원덕읍 기곡리
4223025332,강원도 삼척시 원덕읍 산양리
4223031000,강원도 삼척시 근덕면
4223031021,강원도 삼척시 근덕면 상맹방리
4223031022,강원도 삼척시 근덕면 하맹방리
4223031023,강원도 삼척시 근덕면 금계리
4223031024,강원도 삼척시 근덕면 교가리
4223031025,강원도 삼척시 근덕면 교곡리
4223031026,강원도 삼척시 근덕면 덕산리
4223031027,강원도 삼척시 근덕면 부남리
4223031028,강원도 삼척시 근덕면 광태리
4223031029,강원도 삼척시 근덕면 동막리
4223031030,강원도 삼척시 근덕면 궁촌리
4223031031,강원도 삼척시 근덕면 매원리
4223031032,강원도 삼척시 근덕면 초곡리
4223031033,강원도 삼척시 근덕면 용화리
4223031034,강원도 삼척시 근덕면 장호리
4223032000,강원도 삼척시 하장면
4223032021,강원도 삼척시 하장면 중봉리
4223032022,강원도 삼척시 하장면 번천리
4223032023,강원도 삼척시 하장면 숙암리
4223032024,강원도 삼척시 하장면 광동리
4223032025,강원도 삼척시 하장면 장전리
4223032026,강원도 삼척시 하장면 추동리
4223032027,강원도 삼척시 하장면 한소리
4223032028,강원도 삼척시 하장면 토산리
4223032029,강원도 삼척시 하장면 갈전리
4223032030,강원도 삼척시 하장면 공전리
4223032031,강원도 삼척시 하장면 둔전리
4223032032,강원도 삼척시 하장면 역둔리
4223032033,강원도 삼척시 하장면 대전리
4223032034,강원도 삼척시 하장면 어리
4223032035,강원도 삼척시 하장면 판문리
4223032036,강원도 삼척시 하장면 용연리
4223033000,강원도 삼척시 노곡면
4223033021,강원도 삼척시 노곡면 여삼리
4223033022,강원도 삼척시 노곡면 상천기리
4223033023,강원도 삼척시 노곡면 하반천리
4223033024,강원도 삼척시 노곡면 상반천리
4223033025,강원도 삼척시 노곡면 우발리
4223033026,강원도 삼척시 노곡면 고자리
4223033027,강원도 삼척시 노곡면 하월산리
4223033028,강원도 삼척시 노곡면 개산리
4223033029,강원도 삼척시 노곡면 상월산리
4223033030,강원도 삼척시 노곡면 하군천리
4223033031,강원도 삼척시 노곡면 상군천리
4223033032,강원도 삼척시 노곡면 둔달리
4223033033,강원도 삼척시 노곡면 주지리
4223033034,강원도 삼척시 노곡면 하마읍리
4223033035,강원도 삼척시 노곡면 중마읍리
4223033036,강원도 삼척시 노곡면 상마읍리
4223034000,강원도 삼척시 미로면
4223034021,강원도 삼척시 미로면 무사리
4223034022,강원도 삼척시 미로면 사둔리
4223034023,강원도 삼척시 미로면 하거노리
4223034024,강원도 삼척시 미로면 상거노리
4223034025,강원도 삼척시 미로면 상정리
4223034026,강원도 삼척시 미로면 하정리
4223034027,강원도 삼척시 미로면 천기리
4223034028,강원도 삼척시 미로면 활기리
4223034029,강원도 삼척시 미로면 하사전리
4223034030,강원도 삼척시 미로면 동산리
4223034031,강원도 삼척시 미로면 상사전리
4223034032,강원도 삼척시 미로면 삼거리
4223034033,강원도 삼척시 미로면 고천리
4223034034,강원도 삼척시 미로면 내미로리
4223035000,강원도 삼척시 가곡면
4223035021,강원도 삼척시 가곡면 오목리
4223035022,강원도 삼척시 가곡면 탕곡리
4223035023,강원도 삼척시 가곡면 오저리
4223035024,강원도 삼척시 가곡면 풍곡리
4223035025,강원도 삼척시 가곡면 동활리
4223036000,강원도 삼척시 신기면
4223036021,강원도 삼척시 신기면 신기리
4223036022,강원도 삼척시 신기면 서하리
4223036023,강원도 삼척시 신기면 고무릉리
4223036024,강원도 삼척시 신기면 대이리
4223036025,강원도 삼척시 신기면 대기리
4223036026,강원도 삼척시 신기면 안의리
4223036027,강원도 삼척시 신기면 대평리
4223036028,강원도 삼척시 신기면 마차리
4272000000,강원도 홍천군
4272025000,강원도 홍천군 홍천읍
4272025021,강원도 홍천군 홍천읍 진리
4272025022,강원도 홍천군 홍천읍 신장대리
4272025023,강원도 홍천군 홍천읍 희망리
4272025024,강원도 홍천군 홍천읍 갈마곡리
4272025025,강원도 홍천군 홍천읍 검율리
4272025026,강원도 홍천군 홍천읍 와동리
4272025027,강원도 홍천군 홍천읍 결운리
4272025028,강원도 홍천군 홍천읍 태학리
4272025029,강원도 홍천군 홍천읍 연봉리
4272025030,강원도 홍천군 홍천읍 하오안리
4272025031,강원도 홍천군 홍천읍 장전평리
4272025032,강원도 홍천군 홍천읍 삼마치리
4272025033,강원도 홍천군 홍천읍 상오안리
4272031000,강원도 홍천군 화촌면
4272031021,강원도 홍천군 화촌면 송정리
4272031022,강원도 홍천군 화촌면 내삼포리
4272031023,강원도 홍천군 화촌면 성산리
4272031024,강원도 홍천군 화촌면 야시대리
4272031025,강원도 홍천군 화촌면 주음치리
4272031026,강원도 홍천군 화촌면 군업리
4272031027,강원도 홍천군 화촌면 장평리
4272031028,강원도 홍천군 화촌면 굴운리
4272031029,강원도 홍천군 화촌면 구성포리
4272031030,강원도 홍천군 화촌면 풍천리
4272031031,강원도 홍천군 화촌면 외삼포리
4272032000,강원도 홍천군 두촌면
4272032021,강원도 홍천군 두촌면 철정리
4272032022,강원도 홍천군 두촌면 역내리
4272032023,강원도 홍천군 두촌면 천현리
4272032024,강원도 홍천군 두촌면 자은리
4272032025,강원도 홍천군 두촌면 원동리
4272032026,강원도 홍천군 두촌면 장남리
4272032027,강원도 홍천군 두촌면 괘석리
4272033000,강원도 홍천군 내촌면
4272033021,강원도 홍천군 내촌면 물걸리
4272033022,강원도 홍천군 내촌면 와야리
4272033023,강원도 홍천군 내촌면 서곡리
4272033024,강원도 홍천군 내촌면 도관리
4272033025,강원도 홍천군 내촌면 답풍리
4272033026,강원도 홍천군 내촌면 화상대리
4272033027,강원도 홍천군 내촌면 문현리
4272033028,강원도 홍천군 내촌면 광암리
4272034000,강원도 홍천군 서석면
4272034021,강원도 홍천군 서석면 풍암리
4272034022,강원도 홍천군 서석면 검산리
4272034023,강원도 홍천군 서석면 생곡리
4272034024,강원도 홍천군 서석면 상군두리
4272034025,강원도 홍천군 서석면 하군두리
4272034026,강원도 홍천군 서석면 청량리
4272034027,강원도 홍천군 서석면 어론리
4272034028,강원도 홍천군 서석면 수하리
4272035200,강원도 홍천군 영귀미면
4272035221,강원도 홍천군 영귀미면 속초리
4272035222,강원도 홍천군 영귀미면 신봉리
4272035223,강원도 홍천군 영귀미면 덕치리
4272035224,강원도 홍천군 영귀미면 성수리
4272035225,강원도 홍천군 영귀미면 삼현리
4272035226,강원도 홍천군 영귀미면 방량리
4272035227,강원도 홍천군 영귀미면 월운리
4272035228,강원도 홍천군 영귀미면 후동리
4272035229,강원도 홍천군 영귀미면 개운리
4272035230,강원도 홍천군 영귀미면 노천리
4272035231,강원도 홍천군 영귀미면 좌운리
4272036000,강원도 홍천군 남면
4272036021,강원도 홍천군 남면 양덕원리
4272036022,강원도 홍천군 남면 유목정리
4272036023,강원도 홍천군 남면 신대리
4272036024,강원도 홍천군 남면 시동리
4272036025,강원도 홍천군 남면 유치리
4272036026,강원도 홍천군 남면 월천리
4272036027,강원도 홍천군 남면 명동리
4272036028,강원도 홍천군 남면 제곡리
4272036029,강원도 홍천군 남면 용수리
4272036030,강원도 홍천군 남면 남노일리
4272036031,강원도 홍천군 남면 화전리
4272037000,강원도 홍천군 서면
4272037021,강원도 홍천군 서면 반곡리
4272037022,강원도 홍천군 서면 어유포리
4272037023,강원도 홍천군 서면 팔봉리
4272037024,강원도 홍천군 서면 굴업리
4272037025,강원도 홍천군 서면 대곡리
4272037026,강원도 홍천군 서면 중방대리
4272037027,강원도 홍천군 서면 길곡리
4272037028,강원도 홍천군 서면 동막리
4272037029,강원도 홍천군 서면 모곡리
4272037030,강원도 홍천군 서면 마곡리
4272037031,강원도 홍천군 서면 개야리
4272037032,강원도 홍천군 서면 두미리
4272038000,강원도 홍천군 북방면
4272038021,강원도 홍천군 북방면 상화계리
4272038022,강원도 홍천군 북방면 화동리
4272038023,강원도 홍천군 북방면 중화계리
4272038024,강원도 홍천군 북방면 성동리
4272038025,강원도 홍천군 북방면 북방리
4272038026,강원도 홍천군 북방면 능평리
4272038027,강원도 홍천군 북방면 부사원리
4272038028,강원도 홍천군 북방면 본궁리
4272038029,강원도 홍천군 북방면 역전평리
4272038030,강원도 홍천군 북방면 원소리
4272038031,강원도 홍천군 북방면 구만리
4272038032,강원도 홍천군 북방면 노일리
4272038033,강원도 홍천군 북방면 장항리
4272038034,강원도 홍천군 북방면 굴지리
4272038035,강원도 홍천군 북방면 도사곡리
4272038036,강원도 홍천군 북방면 소매곡리
4272038037,강원도 홍천군 북방면 하화계리
4272038038,강원도 홍천군 북방면 전치곡리
4272039000,강원도 홍천군 내면
4272039021,강원도 홍천군 내면 창촌리
4272039022,강원도 홍천군 내면 광원리
4272039023,강원도 홍천군 내면 명개리
4272039024,강원도 홍천군 내면 율전리
4272039025,강원도 홍천군 내면 자운리
4272039026,강원도 홍천군 내면 방내리
4273000000,강원도 횡성군
4273025000,강원도 횡성군 횡성읍
4273025021,강원도 횡성군 횡성읍 읍상리
4273025022,강원도 횡성군 횡성읍 읍하리
4273025023,강원도 횡성군 횡성읍 북천리
4273025024,강원도 횡성군 횡성읍 내지리
4273025025,강원도 횡성군 횡성읍 마옥리
4273025026,강원도 횡성군 횡성읍 송전리
4273025027,강원도 횡성군 횡성읍 궁천리
4273025028,강원도 횡성군 횡성읍 옥동리
4273025029,강원도 횡성군 횡성읍 영영포리
4273025030,강원도 횡성군 횡성읍 개전리
4273025031,강원도 횡성군 횡성읍 마산리
4273025032,강원도 횡성군 횡성읍 조곡리
4273025033,강원도 횡성군 횡성읍 생운리
4273025034,강원도 횡성군 횡성읍 남산리
4273025035,강원도 횡성군 횡성읍 교항리
4273025036,강원도 횡성군 횡성읍 입석리
4273025037,강원도 횡성군 횡성읍 청용리
4273025038,강원도 횡성군 횡성읍 묵계리
4273025039,강원도 횡성군 횡성읍 곡교리
4273025040,강원도 횡성군 횡성읍 모평리
4273025041,강원도 횡성군 횡성읍 반곡리
4273025042,강원도 횡성군 횡성읍 갈풍리
4273025043,강원도 횡성군 횡성읍 학곡리
4273025044,강원도 횡성군 횡성읍 가담리
4273025045,강원도 횡성군 횡성읍 추동리
4273025046,강원도 횡성군 횡성읍 정암리
4273031000,강원도 횡성군 우천면
4273031021,강원도 횡성군 우천면 두곡리
4273031022,강원도 횡성군 우천면 용둔리
4273031023,강원도 횡성군 우천면 산전리
4273031024,강원도 횡성군 우천면 상하가리
4273031025,강원도 횡성군 우천면 정금리
4273031026,강원도 횡성군 우천면 하궁리
4273031027,강원도 횡성군 우천면 상대리
4273031028,강원도 횡성군 우천면 하대리
4273031029,강원도 횡성군 우천면 오원리
4273031030,강원도 횡성군 우천면 백달리
4273031031,강원도 횡성군 우천면 우항리
4273031032,강원도 횡성군 우천면 양적리
4273031033,강원도 횡성군 우천면 법주리
4273031034,강원도 횡성군 우천면 문암리
4273032000,강원도 횡성군 안흥면
4273032021,강원도 횡성군 안흥면 안흥리
4273032022,강원도 횡성군 안흥면 가천리
4273032023,강원도 횡성군 안흥면 송한리
4273032024,강원도 횡성군 안흥면 상안리
4273032025,강원도 횡성군 안흥면 지구리
4273032026,강원도 횡성군 안흥면 소사리
4273032027,강원도 횡성군 안흥면 성산리
4273033000,강원도 횡성군 둔내면
4273033021,강원도 횡성군 둔내면 현천리
4273033022,강원도 횡성군 둔내면 둔방내리
4273033023,강원도 횡성군 둔내면 영랑리
4273033024,강원도 횡성군 둔내면 조항리
4273033025,강원도 횡성군 둔내면 우용리
4273033026,강원도 횡성군 둔내면 두원리
4273033027,강원도 횡성군 둔내면 자포곡리
4273033028,강원도 횡성군 둔내면 석문리
4273033029,강원도 횡성군 둔내면 삽교리
4273033030,강원도 횡성군 둔내면 마암리
4273033031,강원도 횡성군 둔내면 화동리
4273033032,강원도 횡성군 둔내면 궁종리
4273033033,강원도 횡성군 둔내면 태기리
4273034000,강원도 횡성군 갑천면
4273034021,강원도 횡성군 갑천면 중금리
4273034022,강원도 횡성군 갑천면 부동리
4273034023,강원도 횡성군 갑천면 화전리
4273034024,강원도 횡성군 갑천면 구방리
4273034025,강원도 횡성군 갑천면 포동리
4273034026,강원도 횡성군 갑천면 매일리
4273034027,강원도 횡성군 갑천면 하대리
4273034028,강원도 횡성군 갑천면 상대리
4273034029,강원도 횡성군 갑천면 율동리
4273034030,강원도 횡성군 갑천면 삼거리
4273034031,강원도 횡성군 갑천면 전촌리
4273034032,강원도 횡성군 갑천면 추동리
4273034033,강원도 횡성군 갑천면 대관대리
4273034034,강원도 횡성군 갑천면 병지방리
4273035000,강원도 횡성군 청일면
4273035021,강원도 횡성군 청일면 봉명리
4273035022,강원도 횡성군 청일면 속실리
4273035023,강원도 횡성군 청일면 춘당리
4273035024,강원도 횡성군 청일면 유동리
4273035025,강원도 횡성군 청일면 초현리
4273035026,강원도 횡성군 청일면 유평리
4273035027,강원도 횡성군 청일면 갑천리
4273035028,강원도 횡성군 청일면 고시리
4273035029,강원도 횡성군 청일면 신대리
4273036000,강원도 횡성군 공근면
4273036021,강원도 횡성군 공근면 상동리
4273036022,강원도 횡성군 공근면 부창리
4273036023,강원도 횡성군 공근면 어둔리
4273036024,강원도 횡성군 공근면 공근리
4273036025,강원도 횡성군 공근면 가곡리
4273036026,강원도 횡성군 공근면 삼배리
4273036027,강원도 횡성군 공근면 청곡리
4273036028,강원도 횡성군 공근면 행정리
4273036029,강원도 횡성군 공근면 상창봉리
4273036030,강원도 횡성군 공근면 창봉리
4273036031,강원도 횡성군 공근면 도곡리
4273036032,강원도 횡성군 공근면 초원리
4273036033,강원도 횡성군 공근면 학담리
4273036034,강원도 횡성군 공근면 매곡리
4273036035,강원도 횡성군 공근면 오산리
4273036036,강원도 횡성군 공근면 수백리
4273036037,강원도 횡성군 공근면 덕촌리
4273036038,강원도 횡성군 공근면 신촌리
4273037000,강원도 횡성군 서원면
4273037021,강원도 횡성군 서원면 창촌리
4273037022,강원도 횡성군 서원면 압곡리
4273037023,강원도 횡성군 서원면 옥계리
4273037024,강원도 횡성군 서원면 석화리
4273037025,강원도 횡성군 서원면 유현리
4273037026,강원도 횡성군 서원면 금대리
4273038000,강원도 횡성군 강림면
4273038021,강원도 횡성군 강림면 강림리
4273038022,강원도 횡성군 강림면 부곡리
4273038023,강원도 횡성군 강림면 월현리
4275000000,강원도 영월군
4275025000,강원도 영월군 영월읍
4275025021,강원도 영월군 영월읍 영흥리
4275025022,강원도 영월군 영월읍 하송리
4275025023,강원도 영월군 영월읍 방절리
4275025024,강원도 영월군 영월읍 덕포리
4275025025,강원도 영월군 영월읍 삼옥리
4275025026,강원도 영월군 영월읍 거운리
4275025027,강원도 영월군 영월읍 문산리
4275025028,강원도 영월군 영월읍 연하리
4275025029,강원도 영월군 영월읍 정양리
4275025030,강원도 영월군 영월읍 팔괴리
4275025031,강원도 영월군 영월읍 흥월리
4275025300,강원도 영월군 상동읍
4275025321,강원도 영월군 상동읍 내덕리
4275025322,강원도 영월군 상동읍 구래리
4275025323,강원도 영월군 상동읍 천평리
4275025324,강원도 영월군 상동읍 덕구리
4275031200,강원도 영월군 산솔면
4275031221,강원도 영월군 산솔면 녹전리
4275031222,강원도 영월군 산솔면 직동리
4275031223,강원도 영월군 산솔면 이목리
4275031224,강원도 영월군 산솔면 화원리
4275031225,강원도 영월군 산솔면 연상리
4275031226,강원도 영월군 산솔면 석항리
4275032500,강원도 영월군 김삿갓면
4275032521,강원도 영월군 김삿갓면 진별리
4275032522,강원도 영월군 김삿갓면 각동리
4275032523,강원도 영월군 김삿갓면 대야리
4275032524,강원도 영월군 김삿갓면 옥동리
4275032525,강원도 영월군 김삿갓면 예밀리
4275032526,강원도 영월군 김삿갓면 주문리
4275032527,강원도 영월군 김삿갓면 와석리
4275032528,강원도 영월군 김삿갓면 외룡리
4275032529,강원도 영월군 김삿갓면 내리
4275033000,강원도 영월군 북면
4275033021,강원도 영월군 북면 마차리
4275033022,강원도 영월군 북면 문곡리
4275033023,강원도 영월군 북면 연덕리
4275033024,강원도 영월군 북면 공기리
4275033025,강원도 영월군 북면 덕상리
4275034000,강원도 영월군 남면
4275034021,강원도 영월군 남면 연당리
4275034022,강원도 영월군 남면 창원리
4275034023,강원도 영월군 남면 토교리
4275034024,강원도 영월군 남면 광천리
4275034025,강원도 영월군 남면 조전리
4275034026,강원도 영월군 남면 북쌍리
4275035500,강원도 영월군 한반도면
4275035521,강원도 영월군 한반도면 옹정리
4275035522,강원도 영월군 한반도면 광전리
4275035523,강원도 영월군 한반도면 신천리
4275035524,강원도 영월군 한반도면 후탄리
4275035525,강원도 영월군 한반도면 쌍용리
4275036000,강원도 영월군 주천면
4275036021,강원도 영월군 주천면 주천리
4275036022,강원도 영월군 주천면 판운리
4275036023,강원도 영월군 주천면 도천리
4275036024,강원도 영월군 주천면 신일리
4275036025,강원도 영월군 주천면 금마리
4275036026,강원도 영월군 주천면 용석리
4275038000,강원도 영월군 무릉도원면
4275038021,강원도 영월군 무릉도원면 무릉리
4275038022,강원도 영월군 무릉도원면 법흥리
4275038023,강원도 영월군 무릉도원면 도원리
4275038024,강원도 영월군 무릉도원면 운학리
4275038025,강원도 영월군 무릉도원면 두산리
4276000000,강원도 평창군
4276025000,강원도 평창군 평창읍
4276025021,강원도 평창군 평창읍 상리
4276025022,강원도 평창군 평창읍 중리
4276025023,강원도 평창군 평창읍 하리
4276025024,강원도 평창군 평창읍 천변리
4276025025,강원도 평창군 평창읍 종부리
4276025026,강원도 평창군 평창읍 노론리
4276025027,강원도 평창군 평창읍 이곡리
4276025028,강원도 평창군 평창읍 조동리
4276025029,강원도 평창군 평창읍 고길리
4276025030,강원도 평창군 평창읍 지동리
4276025031,강원도 평창군 평창읍 유동리
4276025032,강원도 평창군 평창읍 약수리
4276025033,강원도 평창군 평창읍 조둔리
4276025034,강원도 평창군 평창읍 천동리
4276025035,강원도 평창군 평창읍 도돈리
4276025036,강원도 평창군 평창읍 마지리
4276025037,강원도 평창군 평창읍 응암리
4276025038,강원도 평창군 평창읍 대상리
4276025039,강원도 평창군 평창읍 대하리
4276025040,강원도 평창군 평창읍 입탄리
4276025041,강원도 평창군 평창읍 향동리
4276025042,강원도 평창군 평창읍 여만리
4276025043,강원도 평창군 평창읍 후평리
4276025044,강원도 평창군 평창읍 주진리
4276025045,강원도 평창군 평창읍 용항리
4276025046,강원도 평창군 평창읍 임하리
4276025047,강원도 평창군 평창읍 계장리
4276025048,강원도 평창군 평창읍 다수리
4276025049,강원도 평창군 평창읍 하일리
4276025050,강원도 평창군 평창읍 원당리
4276025051,강원도 평창군 평창읍 뇌운리
4276031000,강원도 평창군 미탄면
4276031021,강원도 평창군 미탄면 창리
4276031022,강원도 평창군 미탄면 율치리
4276031023,강원도 평창군 미탄면 회동리
4276031024,강원도 평창군 미탄면 평안리
4276031025,강원도 평창군 미탄면 백운리
4276031026,강원도 평창군 미탄면 한탄리
4276031027,강원도 평창군 미탄면 기화리
4276031028,강원도 평창군 미탄면 마하리
4276031029,강원도 평창군 미탄면 수청리
4276032000,강원도 평창군 방림면
4276032021,강원도 평창군 방림면 방림리
4276032022,강원도 평창군 방림면 운교리
4276032023,강원도 평창군 방림면 계촌리
4276033000,강원도 평창군 대화면
4276033021,강원도 평창군 대화면 대화리
4276033022,강원도 평창군 대화면 신리
4276033023,강원도 평창군 대화면 개수리
4276033024,강원도 평창군 대화면 상안미리
4276033025,강원도 평창군 대화면 하안미리
4276034000,강원도 평창군 봉평면
4276034021,강원도 평창군 봉평면 창동리
4276034022,강원도 평창군 봉평면 평촌리
4276034023,강원도 평창군 봉평면 유포리
4276034024,강원도 평창군 봉평면 진조리
4276034025,강원도 평창군 봉평면 면온리
4276034026,강원도 평창군 봉평면 무이리
4276034027,강원도 평창군 봉평면 흥정리
4276034028,강원도 평창군 봉평면 원길리
4276034029,강원도 평창군 봉평면 덕거리
4276035000,강원도 평창군 용평면
4276035021,강원도 평창군 용평면 용전리
4276035022,강원도 평창군 용평면 이목정리
4276035023,강원도 평창군 용평면 속사리
4276035024,강원도 평창군 용평면 노동리
4276035025,강원도 평창군 용평면 도사리
4276035026,강원도 평창군 용평면 백옥포리
4276035027,강원도 평창군 용평면 장평리
4276035028,강원도 평창군 용평면 재산리
4276036000,강원도 평창군 진부면
4276036021,강원도 평창군 진부면 하진부리
4276036022,강원도 평창군 진부면 상진부리
4276036023,강원도 평창군 진부면 송정리
4276036024,강원도 평창군 진부면 두일리
4276036025,강원도 평창군 진부면 척천리
4276036026,강원도 평창군 진부면 탑동리
4276036027,강원도 평창군 진부면 동산리
4276036028,강원도 평창군 진부면 간평리
4276036029,강원도 평창군 진부면 상월오개리
4276036030,강원도 평창군 진부면 거문리
4276036031,강원도 평창군 진부면 신기리
4276036032,강원도 평창군 진부면 봉산리
4276036033,강원도 평창군 진부면 마평리
4276036034,강원도 평창군 진부면 수항리
4276036035,강원도 평창군 진부면 화의리
4276036036,강원도 평창군 진부면 막동리
4276036037,강원도 평창군 진부면 장전리
4276036038,강원도 평창군 진부면 호명리
4276038000,강원도 평창군 대관령면
4276038021,강원도 평창군 대관령면 유천리
4276038022,강원도 평창군 대관령면 병내리
4276038023,강원도 평창군 대관령면 차항리
4276038024,강원도 평창군 대관령면 횡계리
4276038025,강원도 평창군 대관령면 수하리
4276038026,강원도 평창군 대관령면 용산리
4277000000,강원도 정선군
4277025000,강원도 정선군 정선읍
4277025021,강원도 정선군 정선읍 봉양리
4277025022,강원도 정선군 정선읍 북실리
4277025023,강원도 정선군 정선읍 덕송리
4277025024,강원도 정선군 정선읍 애산리
4277025025,강원도 정선군 정선읍 신월리
4277025026,강원도 정선군 정선읍 덕우리
4277025027,강원도 정선군 정선읍 여탄리
4277025028,강원도 정선군 정선읍 회동리
4277025029,강원도 정선군 정선읍 용탄리
4277025030,강원도 정선군 정선읍 광하리
4277025031,강원도 정선군 정선읍 귤암리
4277025032,강원도 정선군 정선읍 가수리
4277025300,강원도 정선군 고한읍
4277025321,강원도 정선군 고한읍 고한리
4277025600,강원도 정선군 사북읍
4277025621,강원도 정선군 사북읍 직전리
4277025622,강원도 정선군 사북읍 사북리
4277025900,강원도 정선군 신동읍
4277025921,강원도 정선군 신동읍 예미리
4277025922,강원도 정선군 신동읍 천포리
4277025923,강원도 정선군 신동읍 조동리
4277025924,강원도 정선군 신동읍 방제리
4277025925,강원도 정선군 신동읍 가사리
4277025926,강원도 정선군 신동읍 고성리
4277025927,강원도 정선군 신동읍 덕천리
4277025928,강원도 정선군 신동읍 운치리
4277032000,강원도 정선군 남면
4277032021,강원도 정선군 남면 문곡리
4277032022,강원도 정선군 남면 무릉리
4277032023,강원도 정선군 남면 유평리
4277032024,강원도 정선군 남면 낙동리
4277032025,강원도 정선군 남면 광덕리
4277034000,강원도 정선군 북평면
4277034021,강원도 정선군 북평면 장열리
4277034022,강원도 정선군 북평면 북평리
4277034023,강원도 정선군 북평면 남평리
4277034024,강원도 정선군 북평면 문곡리
4277034025,강원도 정선군 북평면 나전리
4277034026,강원도 정선군 북평면 숙암리
4277035000,강원도 정선군 임계면
4277035021,강원도 정선군 임계면 가목리
4277035022,강원도 정선군 임계면 도전리
4277035023,강원도 정선군 임계면 직원리
4277035024,강원도 정선군 임계면 임계리
4277035025,강원도 정선군 임계면 송계리
4277035026,강원도 정선군 임계면 봉산리
4277035027,강원도 정선군 임계면 낙천리
4277035028,강원도 정선군 임계면 용산리
4277035030,강원도 정선군 임계면 덕암리
4277035031,강원도 정선군 임계면 고양리
4277035032,강원도 정선군 임계면 반천리
4277035034,강원도 정선군 임계면 문래리
4277036000,강원도 정선군 화암면
4277036021,강원도 정선군 화암면 화암리
4277036022,강원도 정선군 화암면 석곡리
4277036023,강원도 정선군 화암면 북동리
4277036024,강원도 정선군 화암면 몰운리
4277036025,강원도 정선군 화암면 건천리
4277036026,강원도 정선군 화암면 호촌리
4277036027,강원도 정선군 화암면 백전리
4277037000,강원도 정선군 여량면
4277037021,강원도 정선군 여량면 여량리
4277037022,강원도 정선군 여량면 유천리
4277037023,강원도 정선군 여량면 구절리
4277037024,강원도 정선군 여량면 남곡리
4277037025,강원도 정선군 여량면 고양리
4277037026,강원도 정선군 여량면 봉정리
4278000000,강원도 철원군
4278025000,강원도 철원군 철원읍
4278025021,강원도 철원군 철원읍 화지리
4278025022,강원도 철원군 철원읍 관전리
4278025023,강원도 철원군 철원읍 월하리
4278025024,강원도 철원군 철원읍 사요리
4278025025,강원도 철원군 철원읍 외촌리
4278025026,강원도 철원군 철원읍 율이리
4278025027,강원도 철원군 철원읍 내포리
4278025028,강원도 철원군 철원읍 중리
4278025029,강원도 철원군 철원읍 대마리
4278025030,강원도 철원군 철원읍 중세리
4278025031,강원도 철원군 철원읍 산명리
4278025032,강원도 철원군 철원읍 가단리
4278025033,강원도 철원군 철원읍 유정리
4278025034,강원도 철원군 철원읍 홍원리
4278025035,강원도 철원군 철원읍 독검리
4278025300,강원도 철원군 김화읍
4278025321,강원도 철원군 김화읍 학사리
4278025322,강원도 철원군 김화읍 읍내리
4278025323,강원도 철원군 김화읍 생창리
4278025324,강원도 철원군 김화읍 암정리
4278025325,강원도 철원군 김화읍 운장리
4278025326,강원도 철원군 김화읍 용양리
4278025327,강원도 철원군 김화읍 감봉리
4278025328,강원도 철원군 김화읍 청양리
4278025329,강원도 철원군 김화읍 도창리
4278025600,강원도 철원군 갈말읍
4278025621,강원도 철원군 갈말읍 신철원리
4278025622,강원도 철원군 갈말읍 지포리
4278025623,강원도 철원군 갈말읍 강포리
4278025624,강원도 철원군 갈말읍 군탄리
4278025625,강원도 철원군 갈말읍 문혜리
4278025626,강원도 철원군 갈말읍 내대리
4278025627,강원도 철원군 갈말읍 지경리
4278025628,강원도 철원군 갈말읍 토성리
4278025629,강원도 철원군 갈말읍 상사리
4278025630,강원도 철원군 갈말읍 동막리
4278025631,강원도 철원군 갈말읍 정연리
4278025900,강원도 철원군 동송읍
4278025921,강원도 철원군 동송읍 이평리
4278025922,강원도 철원군 동송읍 오덕리
4278025923,강원도 철원군 동송읍 장흥리
4278025924,강원도 철원군 동송읍 오지리
4278025925,강원도 철원군 동송읍 상노리
4278025926,강원도 철원군 동송읍 대위리
4278025927,강원도 철원군 동송읍 관우리
4278025928,강원도 철원군 동송읍 양지리
4278025929,강원도 철원군 동송읍 이길리
4278025930,강원도 철원군 동송읍 하갈리
4278025931,강원도 철원군 동송읍 중강리
4278025932,강원도 철원군 동송읍 강산리
4278031000,강원도 철원군 서면
4278031021,강원도 철원군 서면 자등리
4278031022,강원도 철원군 서면 와수리
4278032000,강원도 철원군 근남면
4278032021,강원도 철원군 근남면 육단리
4278032022,강원도 철원군 근남면 잠곡리
4278032023,강원도 철원군 근남면 사곡리
4278032024,강원도 철원군 근남면 양지리
4278032025,강원도 철원군 근남면 풍암리
4278032026,강원도 철원군 근남면 마현리
4278033000,강원도 철원군 근북면
4278033021,강원도 철원군 근북면 유곡리
4278033022,강원도 철원군 근북면 백덕리
4278033023,강원도 철원군 근북면 금곡리
4278033024,강원도 철원군 근북면 율목리
4278034000,강원도 철원군 근동면
4278034021,강원도 철원군 근동면 광삼리
4278034022,강원도 철원군 근동면 방통리
4278035000,강원도 철원군 원동면
4278035021,강원도 철원군 원동면 등대리
4278035022,강원도 철원군 원동면 송실리
4278035023,강원도 철원군 원동면 용연리
4278035024,강원도 철원군 원동면 세현리
4278036000,강원도 철원군 원남면
4278036021,강원도 철원군 원남면 개야리
4278036022,강원도 철원군 원남면 경상리
4278036023,강원도 철원군 원남면 죽대리
4278036024,강원도 철원군 원남면 백양리
4278036025,강원도 철원군 원남면 남둔리
4278036026,강원도 철원군 원남면 월봉리
4278036027,강원도 철원군 원남면 풍동리
4278036028,강원도 철원군 원남면 주파리
4278036029,강원도 철원군 원남면 구룡리
4278036030,강원도 철원군 원남면 노동리
4278036031,강원도 철원군 원남면 진현리
4278037000,강원도 철원군 임남면
4278037021,강원도 철원군 임남면 달전리
4278037022,강원도 철원군 임남면 과호리
4278037023,강원도 철원군 임남면 좌패리
4278037024,강원도 철원군 임남면 수동리
4279000000,강원도 화천군
4279025000,강원도 화천군 화천읍
4279025021,강원도 화천군 화천읍 아리
4279025022,강원도 화천군 화천읍 하리
4279025023,강원도 화천군 화천읍 중리
4279025024,강원도 화천군 화천읍 상리
4279025025,강원도 화천군 화천읍 신읍리
4279025026,강원도 화천군 화천읍 풍산리
4279025027,강원도 화천군 화천읍 동촌리
4279025028,강원도 화천군 화천읍 대이리
4279031000,강원도 화천군 간동면
4279031021,강원도 화천군 간동면 유촌리
4279031022,강원도 화천군 간동면 용호리
4279031023,강원도 화천군 간동면 간척리
4279031024,강원도 화천군 간동면 오음리
4279031025,강원도 화천군 간동면 방천리
4279031026,강원도 화천군 간동면 도송리
4279031027,강원도 화천군 간동면 구만리
4279032000,강원도 화천군 하남면
4279032021,강원도 화천군 하남면 원천리
4279032022,강원도 화천군 하남면 논미리
4279032023,강원도 화천군 하남면 계성리
4279032024,강원도 화천군 하남면 안평리
4279032025,강원도 화천군 하남면 위라리
4279032026,강원도 화천군 하남면 용암리
4279032027,강원도 화천군 하남면 삼화리
4279032028,강원도 화천군 하남면 거례리
4279032029,강원도 화천군 하남면 서오지리
4279033000,강원도 화천군 상서면
4279033021,강원도 화천군 상서면 신풍리
4279033022,강원도 화천군 상서면 신대리
4279033023,강원도 화천군 상서면 구운리
4279033024,강원도 화천군 상서면 장촌리
4279033025,강원도 화천군 상서면 파포리
4279033026,강원도 화천군 상서면 노동리
4279033027,강원도 화천군 상서면 부촌리
4279033028,강원도 화천군 상서면 산양리
4279033029,강원도 화천군 상서면 봉오리
4279033030,강원도 화천군 상서면 다목리
4279033031,강원도 화천군 상서면 마현리
4279034000,강원도 화천군 사내면
4279034021,강원도 화천군 사내면 사창리
4279034022,강원도 화천군 사내면 광덕리
4279034023,강원도 화천군 사내면 명월리
4279034024,강원도 화천군 사내면 용담리
4279034025,강원도 화천군 사내면 삼일리
4280000000,강원도 양구군
4280025000,강원도 양구군 양구읍
4280025021,강원도 양구군 양구읍 상리
4280025022,강원도 양구군 양구읍 중리
4280025023,강원도 양구군 양구읍 하리
4280025024,강원도 양구군 양구읍 송청리
4280025025,강원도 양구군 양구읍 수인리
4280025026,강원도 양구군 양구읍 웅진리
4280025027,강원도 양구군 양구읍 석현리
4280025028,강원도 양구군 양구읍 공리
4280025029,강원도 양구군 양구읍 학조리
4280025030,강원도 양구군 양구읍 이리
4280025031,강원도 양구군 양구읍 안대리
4280025032,강원도 양구군 양구읍 정림리
4280025033,강원도 양구군 양구읍 동수리
4280025034,강원도 양구군 양구읍 고대리
4280025035,강원도 양구군 양구읍 죽곡리
4280025036,강원도 양구군 양구읍 한전리
4280025037,강원도 양구군 양구읍 도사리
4280025038,강원도 양구군 양구읍 공수리
4280025039,강원도 양구군 양구읍 군량리
4280025040,강원도 양구군 양구읍 월명리
4280025041,강원도 양구군 양구읍 상무룡리
4280031500,강원도 양구군 국토정중앙면
4280031521,강원도 양구군 국토정중앙면 적리
4280031522,강원도 양구군 국토정중앙면 가오작리
4280031523,강원도 양구군 국토정중앙면 야촌리
4280031524,강원도 양구군 국토정중앙면 용하리
4280031525,강원도 양구군 국토정중앙면 청리
4280031526,강원도 양구군 국토정중앙면 송우리
4280031527,강원도 양구군 국토정중앙면 황강리
4280031528,강원도 양구군 국토정중앙면 창리
4280031529,강원도 양구군 국토정중앙면 도촌리
4280031530,강원도 양구군 국토정중앙면 구암리
4280031531,강원도 양구군 국토정중앙면 죽리
4280031532,강원도 양구군 국토정중앙면 심포리
4280031533,강원도 양구군 국토정중앙면 원리
4280031534,강원도 양구군 국토정중앙면 두무리
4280031535,강원도 양구군 국토정중앙면 명곶리
4280032000,강원도 양구군 동면
4280032021,강원도 양구군 동면 후곡리
4280032022,강원도 양구군 동면 지석리
4280032023,강원도 양구군 동면 원당리
4280032024,강원도 양구군 동면 덕곡리
4280032025,강원도 양구군 동면 임당리
4280032026,강원도 양구군 동면 팔랑리
4280032027,강원도 양구군 동면 월운리
4280032028,강원도 양구군 동면 비아리
4280032029,강원도 양구군 동면 사태리
4280033000,강원도 양구군 방산면
4280033021,강원도 양구군 방산면 현리
4280033022,강원도 양구군 방산면 오미리
4280033023,강원도 양구군 방산면 금악리
4280033024,강원도 양구군 방산면 장평리
4280033025,강원도 양구군 방산면 칠전리
4280033026,강원도 양구군 방산면 송현리
4280033027,강원도 양구군 방산면 고방산리
4280033028,강원도 양구군 방산면 천미리
4280033029,강원도 양구군 방산면 건솔리
4280034000,강원도 양구군 해안면
4280034021,강원도 양구군 해안면 현리
4280034022,강원도 양구군 해안면 오유리
4280034023,강원도 양구군 해안면 만대리
4280034024,강원도 양구군 해안면 월산리
4280034025,강원도 양구군 해안면 이현리
4280034026,강원도 양구군 해안면 후리
4281000000,강원도 인제군
4281025000,강원도 인제군 인제읍
4281025021,강원도 인제군 인제읍 상동리
4281025022,강원도 인제군 인제읍 남북리
4281025023,강원도 인제군 인제읍 합강리
4281025024,강원도 인제군 인제읍 덕산리
4281025025,강원도 인제군 인제읍 덕적리
4281025026,강원도 인제군 인제읍 원대리
4281025027,강원도 인제군 인제읍 귀둔리
4281025028,강원도 인제군 인제읍 가아리
4281025029,강원도 인제군 인제읍 가리산리
4281025030,강원도 인제군 인제읍 하추리
4281025031,강원도 인제군 인제읍 고사리
4281031000,강원도 인제군 남면
4281031021,강원도 인제군 남면 신남리
4281031022,강원도 인제군 남면 신풍리
4281031023,강원도 인제군 남면 어론리
4281031024,강원도 인제군 남면 부평리
4281031025,강원도 인제군 남면 갑둔리
4281031026,강원도 인제군 남면 정자리
4281031027,강원도 인제군 남면 남전리
4281031028,강원도 인제군 남면 관대리
4281031029,강원도 인제군 남면 신월리
4281031030,강원도 인제군 남면 상수내리
4281031031,강원도 인제군 남면 하수내리
4281031032,강원도 인제군 남면 수산리
4281031033,강원도 인제군 남면 소치리
4281032000,강원도 인제군 북면
4281032021,강원도 인제군 북면 원통리
4281032022,강원도 인제군 북면 월학리
4281032023,강원도 인제군 북면 한계리
4281032024,강원도 인제군 북면 용대리
4281033000,강원도 인제군 기린면
4281033021,강원도 인제군 기린면 현리
4281033022,강원도 인제군 기린면 북리
4281033023,강원도 인제군 기린면 서리
4281033024,강원도 인제군 기린면 방동리
4281033025,강원도 인제군 기린면 진동리
4281034000,강원도 인제군 서화면
4281034021,강원도 인제군 서화면 천도리
4281034022,강원도 인제군 서화면 서흥리
4281034023,강원도 인제군 서화면 서화리
4281034024,강원도 인제군 서화면 가전리
4281034025,강원도 인제군 서화면 심적리
4281034026,강원도 인제군 서화면 서희리
4281034027,강원도 인제군 서화면 장승리
4281035000,강원도 인제군 상남면
4281035021,강원도 인제군 상남면 상남리
4281035022,강원도 인제군 상남면 하남리
4281035023,강원도 인제군 상남면 미산리
4281035024,강원도 인제군 상남면 김부리
4282000000,강원도 고성군
4282025000,강원도 고성군 간성읍
4282025021,강원도 고성군 간성읍 하리
4282025022,강원도 고성군 간성읍 신안리
4282025023,강원도 고성군 간성읍 동호리
4282025024,강원도 고성군 간성읍 봉호리
4282025025,강원도 고성군 간성읍 상리
4282025026,강원도 고성군 간성읍 간촌리
4282025027,강원도 고성군 간성읍 교동리
4282025028,강원도 고성군 간성읍 해상리
4282025029,강원도 고성군 간성읍 광산리
4282025030,강원도 고성군 간성읍 어천리
4282025031,강원도 고성군 간성읍 장신리
4282025032,강원도 고성군 간성읍 진부리
4282025033,강원도 고성군 간성읍 탑동리
4282025034,강원도 고성군 간성읍 선유실리
4282025035,강원도 고성군 간성읍 금수리
4282025036,강원도 고성군 간성읍 탑현리
4282025037,강원도 고성군 간성읍 흘리
4282025300,강원도 고성군 거진읍
4282025321,강원도 고성군 거진읍 거진리
4282025322,강원도 고성군 거진읍 화포리
4282025323,강원도 고성군 거진읍 원당리
4282025324,강원도 고성군 거진읍 송정리
4282025325,강원도 고성군 거진읍 용하리
4282025326,강원도 고성군 거진읍 산북리
4282025327,강원도 고성군 거진읍 송강리
4282025328,강원도 고성군 거진읍 석문리
4282025329,강원도 고성군 거진읍 초계리
4282025330,강원도 고성군 거진읍 대대리
4282025331,강원도 고성군 거진읍 송죽리
4282025332,강원도 고성군 거진읍 반암리
4282025333,강원도 고성군 거진읍 송포리
4282025334,강원도 고성군 거진읍 봉평리
4282025335,강원도 고성군 거진읍 냉천리
4282025336,강원도 고성군 거진읍 오정리
4282025337,강원도 고성군 거진읍 자산리
4282031000,강원도 고성군 현내면
4282031021,강원도 고성군 현내면 대진리
4282031022,강원도 고성군 현내면 철통리
4282031023,강원도 고성군 현내면 초도리
4282031024,강원도 고성군 현내면 죽정리
4282031025,강원도 고성군 현내면 산학리
4282031026,강원도 고성군 현내면 화곡리
4282031027,강원도 고성군 현내면 마달리
4282031028,강원도 고성군 현내면 마차진리
4282031029,강원도 고성군 현내면 명파리
4282031030,강원도 고성군 현내면 배봉리
4282031032,강원도 고성군 현내면 검장리
4282031033,강원도 고성군 현내면 사천리
4282031034,강원도 고성군 현내면 송현리
4282031035,강원도 고성군 현내면 명호리
4282031036,강원도 고성군 현내면 송도진리
4282031037,강원도 고성군 현내면 제진리
4282031038,강원도 고성군 현내면 대강리
4282032000,강원도 고성군 죽왕면
4282032021,강원도 고성군 죽왕면 오호리
4282032022,강원도 고성군 죽왕면 향목리
4282032023,강원도 고성군 죽왕면 가진리
4282032024,강원도 고성군 죽왕면 공현진리
4282032025,강원도 고성군 죽왕면 오봉리
4282032026,강원도 고성군 죽왕면 인정리
4282032027,강원도 고성군 죽왕면 구성리
4282032028,강원도 고성군 죽왕면 마좌리
4282032029,강원도 고성군 죽왕면 삼포리
4282032030,강원도 고성군 죽왕면 야촌리
4282032031,강원도 고성군 죽왕면 문암진리
4282032032,강원도 고성군 죽왕면 송암리
4282033000,강원도 고성군 토성면
4282033021,강원도 고성군 토성면 천진리
4282033022,강원도 고성군 토성면 청간리
4282033023,강원도 고성군 토성면 아야진리
4282033024,강원도 고성군 토성면 교암리
4282033025,강원도 고성군 토성면 백촌리
4282033026,강원도 고성군 토성면 운봉리
4282033027,강원도 고성군 토성면 학야리
4282033028,강원도 고성군 토성면 도원리
4282033029,강원도 고성군 토성면 용암리
4282033030,강원도 고성군 토성면 신평리
4282033031,강원도 고성군 토성면 인흥리
4282033032,강원도 고성군 토성면 성천리
4282033033,강원도 고성군 토성면 원암리
4282033034,강원도 고성군 토성면 용촌리
4282033035,강원도 고성군 토성면 봉포리
4282033036,강원도 고성군 토성면 성대리
4282033037,강원도 고성군 토성면 금화정리
4282034000,강원도 고성군 수동면
4282034021,강원도 고성군 수동면 신대리
4282034022,강원도 고성군 수동면 외면리
4282034023,강원도 고성군 수동면 덕산리
4282034024,강원도 고성군 수동면 사비리
4282034025,강원도 고성군 수동면 고미성리
4282034026,강원도 고성군 수동면 신탄리
4282034027,강원도 고성군 수동면 사천리
4282034028,강원도 고성군 수동면 상원리
4283000000,강원도 양양군
4283025000,강원도 양양군 양양읍
4283025021,강원도 양양군 양양읍 남문리
4283025022,강원도 양양군 양양읍 구교리
4283025023,강원도 양양군 양양읍 성내리
4283025024,강원도 양양군 양양읍 군행리
4283025025,강원도 양양군 양양읍 연창리
4283025026,강원도 양양군 양양읍 청곡리
4283025027,강원도 양양군 양양읍 송암리
4283025028,강원도 양양군 양양읍 월리
4283025029,강원도 양양군 양양읍 조산리
4283025030,강원도 양양군 양양읍 사천리
4283025031,강원도 양양군 양양읍 포월리
4283025032,강원도 양양군 양양읍 기리
4283025033,강원도 양양군 양양읍 정손리
4283025034,강원도 양양군 양양읍 감곡리
4283025035,강원도 양양군 양양읍 서문리
4283025036,강원도 양양군 양양읍 내곡리
4283025037,강원도 양양군 양양읍 임천리
4283025038,강원도 양양군 양양읍 거마리
4283025039,강원도 양양군 양양읍 화일리
4283031000,강원도 양양군 서면
4283031021,강원도 양양군 서면 갈천리
4283031022,강원도 양양군 서면 수리
4283031023,강원도 양양군 서면 논화리
4283031024,강원도 양양군 서면 용소리
4283031025,강원도 양양군 서면 내현리
4283031026,강원도 양양군 서면 용천리
4283031027,강원도 양양군 서면 북평리
4283031028,강원도 양양군 서면 범부리
4283031029,강원도 양양군 서면 상평리
4283031030,강원도 양양군 서면 장승리
4283031031,강원도 양양군 서면 서선리
4283031032,강원도 양양군 서면 가라피리
4283031033,강원도 양양군 서면 오색리
4283031034,강원도 양양군 서면 영덕리
4283031035,강원도 양양군 서면 서림리
4283031036,강원도 양양군 서면 미천리
4283031037,강원도 양양군 서면 북암리
4283031038,강원도 양양군 서면 송천리
4283031039,강원도 양양군 서면 송어리
4283031040,강원도 양양군 서면 공수전리
4283032000,강원도 양양군 손양면
4283032021,강원도 양양군 손양면 동호리
4283032022,강원도 양양군 손양면 금강리
4283032023,강원도 양양군 손양면 송전리
4283032024,강원도 양양군 손양면 가평리
4283032025,강원도 양양군 손양면 오산리
4283032026,강원도 양양군 손양면 삽존리
4283032027,강원도 양양군 손양면 석계리
4283032028,강원도 양양군 손양면 학포리
4283032029,강원도 양양군 손양면 수여리
4283032030,강원도 양양군 손양면 상양혈리
4283032031,강원도 양양군 손양면 하양혈리
4283032032,강원도 양양군 손양면 부소치리
4283032033,강원도 양양군 손양면 수산리
4283032034,강원도 양양군 손양면 와리
4283032035,강원도 양양군 손양면 간리
4283032036,강원도 양양군 손양면 상왕도리
4283032037,강원도 양양군 손양면 하왕도리
4283032038,강원도 양양군 손양면 도화리
4283032039,강원도 양양군 손양면 송현리
4283032040,강원도 양양군 손양면 주리
4283032041,강원도 양양군 손양면 여운포리
4283032042,강원도 양양군 손양면 상운리
4283032043,강원도 양양군 손양면 밀양리
4283032044,강원도 양양군 손양면 우암리
4283033000,강원도 양양군 현북면
4283033021,강원도 양양군 현북면 잔교리
4283033022,강원도 양양군 현북면 기사문리
4283033023,강원도 양양군 현북면 명지리
4283033024,강원도 양양군 현북면 장리
4283033025,강원도 양양군 현북면 도리
4283033026,강원도 양양군 현북면 말곡리
4283033027,강원도 양양군 현북면 대치리
4283033028,강원도 양양군 현북면 상광정리
4283033029,강원도 양양군 현북면 중광정리
4283033030,강원도 양양군 현북면 하광정리
4283033031,강원도 양양군 현북면 어성전리
4283033032,강원도 양양군 현북면 원일전리
4283033033,강원도 양양군 현북면 면옥치리
4283033034,강원도 양양군 현북면 법수치리
4283034000,강원도 양양군 현남면
4283034021,강원도 양양군 현남면 인구리
4283034022,강원도 양양군 현남면 북분리
4283034023,강원도 양양군 현남면 동산리
4283034024,강원도 양양군 현남면 시변리
4283034025,강원도 양양군 현남면 정자리
4283034026,강원도 양양군 현남면 광진리
4283034027,강원도 양양군 현남면 전포매리
4283034028,강원도 양양군 현남면 후포매리
4283034029,강원도 양양군 현남면 견불리
4283034030,강원도 양양군 현남면 상월천리
4283034031,강원도 양양군 현남면 하월천리
4283034032,강원도 양양군 현남면 창리
4283034033,강원도 양양군 현남면 임호정리
4283034034,강원도 양양군 현남면 원포리
4283034035,강원도 양양군 현남면 지리
4283034036,강원도 양양군 현남면 지경리
4283034037,강원도 양양군 현남면 입암리
4283034038,강원도 양양군 현남면 남애리
4283034039,강원도 양양군 현남면 주리
4283034040,강원도 양양군 현남면 두리
4283034041,강원도 양양군 현남면 죽리
4283035000,강원도 양양군 강현면
4283035021,강원도 양양군 강현면 상복리
4283035022,강원도 양양군 강현면 중복리
4283035023,강원도 양양군 강현면 하복리
4283035024,강원도 양양군 강현면 강선리
4283035025,강원도 양양군 강현면 물치리
4283035026,강원도 양양군 강현면 간곡리
4283035027,강원도 양양군 강현면 둔전리
4283035028,강원도 양양군 강현면 석교리
4283035029,강원도 양양군 강현면 침교리
4283035030,강원도 양양군 강현면 회룡리
4283035031,강원도 양양군 강현면 금풍리
4283035032,강원도 양양군 강현면 사교리
4283035033,강원도 양양군 강현면 방축리
4283035034,강원도 양양군 강현면 답리
4283035035,강원도 양양군 강현면 광석리
4283035036,강원도 양양군 강현면 정암리
4283035037,강원도 양양군 강현면 용호리
4283035038,강원도 양양군 강현면 장산리
4283035039,강원도 양양군 강현면 전진리
4283035040,강원도 양양군 강현면 주청리
4283035041,강원도 양양군 강현면 적은리
4283035042,강원도 양양군 강현면 물갑리
